name;price;showOnPriceTable
bale_net;1000;
bale_twine;1000;
bale_wrap;1000;
barley;313;true
barrel;1780;true
bathtub;1710;true
beetroot;122;true
boards;1300;true
bread;1650;true
bucket;1290;true
buffalomilk;3500;true
buffalomilk_bottled;2490;true
buffalomozzarella;7500;true
butter;1120;true
cake;3300;true
canned_peas;2596;true
canola;603;true
canola_oil;1640;true
carrot;132;true
cartonroll;2900;true
cement;1050;true
cementbricks;1580;true
cereal;3800;true
chaff;42;
cheese;1800;true
chilli;450;true
chocolate;2000;true
clothes;8500;true
cotton;1252;true
def;900;
diesel;1500;true
digestate;33;true
drygrass;48;
drygrass_windrow;56;true
egg;1120;true
electriccharge;350;
enoki;420;true
fabric;4000;true
fermentednapacabbage;650;true
fertilizer;1600;true
flour;690;true
forage;124;true
forage_mixing;39;
furniture;1950;true
garlic;450;true
goat;;
goatcheese;1760;true
goatmilk;2820;true
goatmilk_bottled;2110;true
grape;603;true
grapejuice;1650;true
grass;45;
grass_windrow;45;true
greenbean;720;true
herbicide;1200;true
honey;1000;true
jarred_greenbean;1886;true
lettuce;990;true
lime;225;true
liquidfertilizer;1200;true
liquidmanure;33;true
liquidseedtreatment;700;
maize;380;true
manure;33;true
methane;450;
milk;700;true
milk_bottled;580;true
mineral_feed;1200;
napacabbage;350;true
noodlesoup;1550;true
oat;532;true
oilseedradish;250;
olive;603;true
olive_oil;2440;true
oyster;865;true
paperroll;3200;true
parsnip;131;true
pea;1040;true
piano;;
pigfood;1400;
planks;1941;true
poplar;40;
potato;222;true
potatochips;1500;true
prefabwall;4950;true
preservedbeetroot;560;true
preservedcarrots;580;true
preservedparsnip;578;true
raisins;1630;true
rice;1100;true
rice_bags;1464;true
rice_boxes;2730;true
rice_oil;1780;true
riceflour;910;true
ricelonggrain;530;true
ricerolls;1550;true
ricesaplings;3330;true
roofplates;1580;true
rope;5050;true
seeds;900;true
silage;121;true
silage_additive;1200;
sorghum;430;true
soupcansbeetroot;845;true
soupcanscarrots;885;true
soupcansmixed;940;true
soupcansparsnip;880;true
soupcanspotato;1245;true
soybean;778;true
spinach;220;true
spinach_bags;775;true
spring_onion;450;true
stone;50;true
straw;41;true
strawberry;450;true
sugar;500;true
sugarbeet;172;true
sugarbeet_cut;222;true
sugarcane;119;true
sunflower;673;true
sunflower_oil;1780;true
tomato;500;true
toytractor;;
tree;100;
treesaplings;100;
wagon;;
water;100;
wheat;337;true
wood;1000;true
woodbeam;2912;true
woodchips;320;true
wool;940;true
